<?xml version="1.0" encoding="UTF-8" standalone="yes"?>
<addon id="plugin.video.spartan" name="The Spartan Wizard" version="1.1.1" provider-name="Tech Timeruuu">
	<requires>
		<import addon="xbmc.python" version="2.1.0"/>
	</requires>
	<extension point="xbmc.python.pluginsource" library="addon.py">
		<provides>video executable</provides>
	</extension>
	<extension point="xbmc.addon.metadata">
		<summary>NO PIN NEEDED!</summary>
		<description>NO PIN NEEDED! please visit http://spartanpixel.net for more info and help</description>
		<disclaimer></disclaimer>
		<platform>all</platform>
		<language>en</language>
		<license>Commercial</license>
		<forum></forum>
		<website>http://spartanpixel.net</website>
		<source></source>
		<email>techtimeruuu@gmail.com</email>
	</extension>
</addon>